{
  "queries": 81,
  "plain": {
    "hit1": 0.691358024691358,
    "hit3": 0.9382716049382716,
    "hit5": 0.9753086419753086,
    "mrr10": 0.8633744855967078,
    "ndcg10": 0.6276972139083977
  },
  "decomp": {
    "hit1": 0.6790123456790124,
    "hit3": 0.9382716049382716,
    "hit5": 0.9753086419753086,
    "mrr10": 0.8592592592592592,
    "ndcg10": 0.6508120236687537
  }
}