{
  "queries": 81,
  "plain": {
    "hit1": 0.6419753086419753,
    "hit3": 0.9506172839506173,
    "hit5": 0.9753086419753086,
    "mrr10": 0.8868312757201645,
    "ndcg10": 0.659170131264046
  },
  "decomp": {
    "hit1": 0.6666666666666666,
    "hit3": 0.9876543209876543,
    "hit5": 1,
    "mrr10": 0.9146090534979425,
    "ndcg10": 0.6943233123013198
  }
}